[{"fields": {"username": "paolo", "first_name": "Deandra", "last_name": "Mercado", "is_active": true, "is_superuser": true, "is_staff": true, "last_login": "2015-07-28T17:43:33.918Z", "groups": [], "user_permissions": [], "password": "pbkdf2_sha256$12000$l7skZGafOcEi$vDd/Nxi+SLpRpgq1qCQ4MUyviMG/R+u7tJcdjrn3c0E=", "email": "dpaolomercado@gmail.com", "date_joined": "2015-04-23T00:07:59.508Z"}, "model": "auth.user", "pk": 1}, {"fields": {"username": "a.bedelia", "first_name": "Amelia", "last_name": "Bedelia", "is_active": true, "is_superuser": false, "is_staff": false, "last_login": "2015-07-21T21:49:21.513Z", "groups": [], "user_permissions": [], "password": "pbkdf2_sha256$12000$XgGfWzW0egXH$etvIOQlF0N2DVbYZ3N8Tr2YilqWOxOnPRMIBR4OMCAs=", "email": "asdasd@gmail.com", "date_joined": "2015-05-04T22:48:44.983Z"}, "model": "auth.user", "pk": 6}, {"fields": {"username": "gherman", "first_name": "Germain", "last_name": "Herman", "is_active": true, "is_superuser": false, "is_staff": false, "last_login": "2015-07-30T15:23:31.375Z", "groups": [], "user_permissions": [], "password": "pbkdf2_sha256$12000$sD6onHGDmWnf$tYY+hN0KKXkLlHHCuq7yhqPRR1zvxjFEor3WRUJ2HVo=", "email": "g.herman@yahoo.com", "date_joined": "2015-05-04T22:49:08.233Z"}, "model": "auth.user", "pk": 7}, {"fields": {"username": "jsmackarooni", "first_name": "Jelly", "last_name": "Smacks", "is_active": true, "is_superuser": false, "is_staff": false, "last_login": "2015-06-22T22:05:02.808Z", "groups": [], "user_permissions": [], "password": "pbkdf2_sha256$12000$CS43bgLpKdZL$FlGid8oTeaRWFq1HK47vBkW69I8QVhJFmiy3SVQo2mI=", "email": "j.smacks@gmail.com", "date_joined": "2015-05-04T22:49:36.397Z"}, "model": "auth.user", "pk": 8}, {"fields": {"username": "you_keel_my_fader", "first_name": "Inigo", "last_name": "Montoya", "is_active": true, "is_superuser": false, "is_staff": false, "last_login": "2015-05-24T05:13:11.885Z", "groups": [], "user_permissions": [], "password": "pbkdf2_sha256$12000$RzCo4x8gJEeU$xVi1D8YwfijeNanpzNtlw/k5cFhZjB/dNjwoEl36ffw=", "email": "prepare_to_die@gmail.com", "date_joined": "2015-05-09T20:16:47.760Z"}, "model": "auth.user", "pk": 9}, {"fields": {"username": "cacacaca", "first_name": "caca", "last_name": "cacaca", "is_active": true, "is_superuser": false, "is_staff": false, "last_login": "2015-06-03T21:11:05.886Z", "groups": [], "user_permissions": [], "password": "pbkdf2_sha256$12000$ULIVL6W7KcF6$U+fjMZRX+FAyKCQ4QEsqtx0diAawuH8s+xdt/eE20NA=", "email": "cacacaca@cacacacaca.com", "date_joined": "2015-06-02T22:34:42.163Z"}, "model": "auth.user", "pk": 10}, {"fields": {"username": "ququququq", "first_name": "quququququq", "last_name": "quququququq", "is_active": true, "is_superuser": false, "is_staff": false, "last_login": "2015-06-02T22:35:08.471Z", "groups": [], "user_permissions": [], "password": "pbkdf2_sha256$12000$zzG69VCegIor$YDZ80spPmwZaF9B8Fg/DRLezuxpGOFn/u7UAYW+sKxc=", "email": "ququququq@ququququq.xom", "date_joined": "2015-06-02T22:35:07.870Z"}, "model": "auth.user", "pk": 11}, {"fields": {"username": "t.testerman", "first_name": "Testman", "last_name": "Testerman", "is_active": true, "is_superuser": false, "is_staff": false, "last_login": "2015-07-31T22:17:46.999Z", "groups": [], "user_permissions": [], "password": "pbkdf2_sha256$12000$TAcE5HzYBjsl$x87MQx2y4TfetrGJEFhOX3M0JXmTNnBVHt4XFQw+CaI=", "email": "t.testerman@gmail.com", "date_joined": "2015-07-31T22:17:46.290Z"}, "model": "auth.user", "pk": 12}, {"fields": {"content": "<h1>What is GreenThumbs?</h1>", "descriptor": "header", "page": "LA"}, "model": "gardening.content", "pk": 1}, {"fields": {"content": "<p>GreenThumbs is an online networking environment for connecting gardening enthusiasts of all levels! Find gardeners in your area or ones that specialize in your house plants, and share ideas, resources and tips. Discover what people are growing near you! </p>", "descriptor": "about", "page": "LA"}, "model": "gardening.content", "pk": 2}, {"fields": {"username": "a.bedelia", "profile_pic": "/media/profilepic/a.bedelia/inigo.jpg", "first_name": "Amelia", "last_name": "Bedelia", "city": "Inglewood", "available": false, "zipcode": "90302", "state": "CA", "user": ["a.bedelia"], "favorites": [8], "online": true, "text_blurb": "YOUR MOTHER IS A HAMSTER"}, "model": "gardening.gardener", "pk": 5}, {"fields": {"username": "gherman", "profile_pic": "/media/profilepic/gherman/image_jNkMi4n.jpg", "first_name": "Germain", "last_name": "Herman", "city": "Lakeland", "available": false, "zipcode": "33813", "state": "FL", "user": ["gherman"], "favorites": [5, 8], "online": true, "text_blurb": "I am indeed a sexy lady. Tell me all about your day and I'll tell you about the time my foot got caught in someone's butt."}, "model": "gardening.gardener", "pk": 6}, {"fields": {"username": "jsmackarooni", "profile_pic": "profilepic/jsmackarooni/00w0w_tihVLYjKxY_600x450.jpg", "first_name": "Jelly", "last_name": "Smacks", "city": "Pine View", "available": false, "zipcode": "12345", "state": "NE", "user": ["jsmackarooni"], "favorites": [], "online": true, "text_blurb": "I am the sole proprietor of the \"Grand Nebraskan Oasis Econolodge Suites\". Gardening is something I am passionate about, having done the landscaping for all 26 locations of the \"Grand Nebraskan Oasis Econolodge Suites\" myself. My favorite plants are gladioluses (gladioli), although I have yet to plant any myself."}, "model": "gardening.gardener", "pk": 7}, {"fields": {"username": "paolo", "profile_pic": "profilepic/paolo/oprah_winfrey.jpg", "first_name": "Deandra", "last_name": "Mercado", "city": "Mountain View", "available": true, "zipcode": "94043", "state": "CA", "user": ["paolo"], "favorites": [6, 7], "online": true, "text_blurb": "I am a proud gardener who never fails to save plants from certain death. My favorite plants to grow and repropagate are basil, thai chilis, and jade trees! \r\n\r\nFeel free to ask me about any of my plants! I carry seed samples and propagations of all of them, and I'm quite a generous person."}, "model": "gardening.gardener", "pk": 8}, {"fields": {"username": "you_keel_my_fader", "profile_pic": "profilepic/you_keel_my_fader/inigo.jpg", "first_name": "Inigo", "last_name": "Montoya", "city": "Madison", "available": false, "zipcode": "", "state": "WI", "user": ["you_keel_my_fader"], "favorites": [], "online": false, "text_blurb": "I once had a father. You keeled him. Prepare to die!"}, "model": "gardening.gardener", "pk": 9}, {"fields": {"username": "cacacaca", "profile_pic": "", "first_name": "caca", "last_name": "cacaca", "city": "", "available": false, "zipcode": "", "state": "", "user": ["cacacaca"], "favorites": [], "online": true, "text_blurb": ""}, "model": "gardening.gardener", "pk": 10}, {"fields": {"username": "ququququq", "profile_pic": "", "first_name": "quququququq", "last_name": "quququququq", "city": "", "available": false, "zipcode": "", "state": "", "user": ["ququququq"], "favorites": [], "online": false, "text_blurb": ""}, "model": "gardening.gardener", "pk": 11}, {"fields": {"username": "t.testerman", "profile_pic": "", "first_name": "Testman", "last_name": "Testerman", "city": "", "available": false, "zipcode": "", "state": "AK", "user": ["t.testerman"], "favorites": [], "online": false, "text_blurb": ""}, "model": "gardening.gardener", "pk": 12}, {"fields": {"information": "I use these cactuses to guard my front bay windows. The gardener comes by and uses a special goo to keep them hydrated and supple.", "quantity": 4, "user": 8, "species": "Cactus"}, "model": "gardening.plant", "pk": 58}, {"fields": {"information": "Love and affection are all they need.", "quantity": 12, "user": 8, "species": "Pepper Plants"}, "model": "gardening.plant", "pk": 60}, {"fields": {"information": "I water these babies twice a day.", "quantity": 5, "user": 8, "species": "Raspberry"}, "model": "gardening.plant", "pk": 61}, {"fields": {"information": "I pour salsa all over it", "quantity": 2, "user": 6, "species": "Taco"}, "model": "gardening.plant", "pk": 64}, {"fields": {"information": "Test", "quantity": 200, "user": 6, "species": "Test"}, "model": "gardening.plant", "pk": 66}, {"fields": {"information": "Mortadella", "quantity": 2, "user": 6, "species": "Test 2"}, "model": "gardening.plant", "pk": 77}, {"fields": {"information": "Test test", "quantity": 1, "user": 5, "species": "Test"}, "model": "gardening.plant", "pk": 78}, {"fields": {"information": "test", "quantity": 0, "user": 8, "species": "test"}, "model": "gardening.plant", "pk": 79}, {"fields": {"information": "booby time", "quantity": 0, "user": 8, "species": "test2"}, "model": "gardening.plant", "pk": 80}, {"fields": {"information": "Blurkin KSDNAKJSD", "quantity": 0, "user": 6, "species": "Murkin"}, "model": "gardening.plant", "pk": 87}, {"fields": {"information": "Plant tem in the soils", "quantity": 12, "user": 6, "species": "Bean"}, "model": "gardening.plant", "pk": 89}, {"fields": {"information": "Water sparingly", "quantity": 1, "user": 12, "species": "Cactus"}, "model": "gardening.plant", "pk": 90}, {"fields": {"plant": 58, "image": "plant/58/cactus.jpg", "thumbnail": "plant_img_thumbnails/157cactus65961970496240999293.png"}, "model": "gardening.plantimg", "pk": 157}, {"fields": {"plant": 60, "image": "plant/60/pepper2.jpg", "thumbnail": "plant_img_thumbnails/159pepper299399376106481077203.png"}, "model": "gardening.plantimg", "pk": 159}, {"fields": {"plant": 61, "image": "plant/61/raspberry.png", "thumbnail": "plant_img_thumbnails/161raspberry98856516080528363998.png"}, "model": "gardening.plantimg", "pk": 161}, {"fields": {"plant": 61, "image": "plant/61/raspberry2.jpg", "thumbnail": "plant_img_thumbnails/162raspberry240916080688050876904.png"}, "model": "gardening.plantimg", "pk": 162}, {"fields": {"plant": 60, "image": "plant/60/eucalyptus.jpg", "thumbnail": "plant_img_thumbnails/173eucalyptus71775791505909210916.png"}, "model": "gardening.plantimg", "pk": 173}, {"fields": {"plant": 60, "image": "plant/60/harry_belafonte.jpg", "thumbnail": "plant_img_thumbnails/176harry_belafonte24431175518184933493.png"}, "model": "gardening.plantimg", "pk": 176}, {"fields": {"plant": 64, "image": "plant/64/image_JVpsoSD.jpg", "thumbnail": "plant_img_thumbnails/182image_JVpsoSD08909023692253106957.png"}, "model": "gardening.plantimg", "pk": 182}, {"fields": {"plant": 78, "image": "plant/78/harry_belafonte.jpg", "thumbnail": "plant_img_thumbnails/236harry_belafonte16215054117449537483.png"}, "model": "gardening.plantimg", "pk": 236}, {"fields": {"plant": 78, "image": "plant/78/rosemary2.jpg", "thumbnail": "plant_img_thumbnails/238rosemary253241166888697076327.png"}, "model": "gardening.plantimg", "pk": 238}, {"fields": {"plant": 78, "image": "plant/78/pepper1.jpg", "thumbnail": "plant_img_thumbnails/239pepper127962592138059464274.png"}, "model": "gardening.plantimg", "pk": 239}, {"fields": {"plant": 80, "image": "plant/80/image.jpg", "thumbnail": "plant_img_thumbnails/241image97302347116977765404.png"}, "model": "gardening.plantimg", "pk": 241}, {"fields": {"plant": 77, "image": "plant/77/raspberry2.jpg", "thumbnail": "plant_img_thumbnails/286raspberry275397081456450336426.png"}, "model": "gardening.plantimg", "pk": 286}, {"fields": {"plant": 66, "image": "plant/66/pepper2.jpg", "thumbnail": "plant_img_thumbnails/293pepper211351164815687154818.png"}, "model": "gardening.plantimg", "pk": 293}, {"fields": {"plant": 77, "image": "plant/77/oprah_winfrey.jpg", "thumbnail": "plant_img_thumbnails/294oprah_winfrey69060289779648332342.png"}, "model": "gardening.plantimg", "pk": 294}, {"fields": {"plant": 87, "image": "plant/87/inigo.jpg", "thumbnail": "plant_img_thumbnails/295inigo44130105922992701180.png"}, "model": "gardening.plantimg", "pk": 295}, {"fields": {"plant": 80, "image": "plant/80/oprah_winfrey.jpg", "thumbnail": "plant_img_thumbnails/296oprah_winfrey04391046168691868942.png"}, "model": "gardening.plantimg", "pk": 296}, {"fields": {"plant": 80, "image": "plant/80/pepper1.jpg", "thumbnail": "plant_img_thumbnails/297pepper147692207917925897016.png"}, "model": "gardening.plantimg", "pk": 297}, {"fields": {"plant": 80, "image": "plant/80/harry_belafonte.jpg", "thumbnail": "plant_img_thumbnails/298harry_belafonte78676556974596581007.png"}, "model": "gardening.plantimg", "pk": 298}, {"fields": {"plant": 80, "image": "plant/80/mesuthelah.jpg", "thumbnail": "plant_img_thumbnails/299mesuthelah19910653165954393419.png"}, "model": "gardening.plantimg", "pk": 299}, {"fields": {"plant": 89, "image": "plant/89/image.jpg", "thumbnail": "plant_img_thumbnails/300image17649761093815745360.png"}, "model": "gardening.plantimg", "pk": 300}, {"fields": {"plant": 90, "image": "plant/90/cactus.jpg", "thumbnail": "plant_img_thumbnails/301cactus32815357204357072664.png"}, "model": "gardening.plantimg", "pk": 301}, {"fields": {"user_b": 8, "time_initiated": "2015-07-30T15:25:51.132Z", "text": "<i class='fa fa-spinner fa-spin'></i>{{switch_user}}gherman: Hi{{switch_user}}paolo: bitch{{switch_user}}gherman: Eat a large pepperoni dick{{switch_user}}paolo: NO YOU{{switch_user}}paolo: YOU SUCK ON MY PEPPERONI PENIS{{switch_user}}paolo: I WANT YOU TO EAT IT{{switch_user}}paolo: suck meeee{{switch_user}}gherman: NOOOO{{switch_user}}paolo: Eat poop and die{{switch_user}}gherman: Farts{{switch_user}}gherman: LALALALALA{{switch_user}}paolo: EAT SHIT{{switch_user}}gherman: HEY YOU DUMB BUTTER NUT{{switch_user}}paolo: BHYEYE{{switch_user}}paolo: heyyy]", "user_a": 6, "active": true, "seen_b": true, "seen_a": true}, "model": "gardening.convo", "pk": 137}, {"fields": {"user_b": 6, "time_initiated": "2015-06-22T22:06:47.170Z", "text": "<i class='fa fa-spinner fa-spin'></i>{{switch_user}}a.bedelia: Hey you cunt{{switch_user}}gherman: I will fart on your eyes{{switch_user}}gherman: EAT YOUR FARTS", "user_a": 5, "active": true, "seen_b": true, "seen_a": true}, "model": "gardening.convo", "pk": 138}, {"fields": {"user_b": 8, "time_initiated": "2015-06-22T22:28:44.804Z", "text": "<i class='fa fa-spinner fa-spin'></i>{{switch_user}}a.bedelia: suck my donky cock{{switch_user}}paolo: OK{{switch_user}}a.bedelia: Eat a rocket dick{{switch_user}}paolo: LALALALALA{{switch_user}}a.bedelia: Hahaha", "user_a": 5, "active": true, "seen_b": true, "seen_a": true}, "model": "gardening.convo", "pk": 139}, {"fields": {"user_b": 8, "time_initiated": "2015-06-22T21:53:30.060Z", "text": "<i class='fa fa-spinner fa-spin'></i>{{switch_user}}jsmackarooni: LALALALALALA{{switch_user}}paolo: LALALALALA", "user_a": 7, "active": true, "seen_b": true, "seen_a": false}, "model": "gardening.convo", "pk": 140}, {"fields": {"user_b": 5, "time_initiated": "2015-06-26T20:33:17.180Z", "text": "<i class='fa fa-spinner fa-spin'></i>{{switch_user}}jsmackarooni: LALALALA", "user_a": 7, "active": true, "seen_b": true, "seen_a": true}, "model": "gardening.convo", "pk": 141}, {"fields": {"user_b": 9, "time_initiated": "2015-07-01T20:01:41.264Z", "text": "<i class='fa fa-spinner fa-spin'></i>{{switch_user}}paolo: hey buttcheck", "user_a": 8, "active": true, "seen_b": false, "seen_a": true}, "model": "gardening.convo", "pk": 142}, {"fields": {"plant": 89, "time_happened": "2015-07-27T19:21:55.769Z", "user": 6, "plant_img": null, "event": "NP"}, "model": "gardening.event", "pk": 25}, {"fields": {"plant": 89, "time_happened": "2015-07-27T19:30:11.176Z", "user": 6, "plant_img": 300, "event": "NI"}, "model": "gardening.event", "pk": 26}, {"fields": {"plant": null, "time_happened": "2015-07-27T19:30:47.389Z", "user": 6, "plant_img": null, "event": "CN"}, "model": "gardening.event", "pk": 27}, {"fields": {"plant": null, "time_happened": "2015-07-27T19:31:09.801Z", "user": 6, "plant_img": null, "event": "CL"}, "model": "gardening.event", "pk": 28}, {"fields": {"plant": null, "time_happened": "2015-07-31T22:17:52.354Z", "user": 12, "plant_img": null, "event": "CL"}, "model": "gardening.event", "pk": 29}, {"fields": {"plant": 90, "time_happened": "2015-07-31T22:19:48.924Z", "user": 12, "plant_img": null, "event": "NP"}, "model": "gardening.event", "pk": 30}, {"fields": {"plant": 90, "time_happened": "2015-07-31T22:19:58.333Z", "user": 12, "plant_img": 301, "event": "NI"}, "model": "gardening.event", "pk": 31}, {"fields": {"user": 6, "text_description": "Hey ! Checking out this site. Anyone know anything about beeeaaaaans?", "time": "2015-07-30T15:28:10.160Z"}, "model": "gardening.job", "pk": 13}, {"fields": {"user": 8, "text_description": "Gaberka", "time": "2015-07-30T16:11:41.042Z"}, "model": "gardening.job", "pk": 14}, {"fields": {"user": 8, "text_description": "When can we go to the festival FATHER!??", "time": "2015-07-30T16:23:25.792Z"}, "model": "gardening.job", "pk": 15}, {"fields": {"user": 12, "text_description": "I love everything", "time": "2015-07-31T22:19:14.326Z"}, "model": "gardening.job", "pk": 16}, {"fields": {"text": "I don't exactly know anything about any beaaaaansss", "job": 13, "user": 8, "time": "2015-07-30T15:28:47.657Z"}, "model": "gardening.comment", "pk": 53}, {"fields": {"text": "Eat diiiiiiiick", "job": 13, "user": 6, "time": "2015-07-30T16:00:22.467Z"}, "model": "gardening.comment", "pk": 54}, {"fields": {"text": "Peas", "job": 13, "user": 6, "time": "2015-07-30T16:03:52.179Z"}, "model": "gardening.comment", "pk": 55}, {"fields": {"text": "Donkey fuck", "job": 13, "user": 6, "time": "2015-07-30T16:06:17.187Z"}, "model": "gardening.comment", "pk": 56}, {"fields": {"text": "Turkey dicks", "job": 13, "user": 6, "time": "2015-07-30T16:07:54.471Z"}, "model": "gardening.comment", "pk": 57}, {"fields": {"text": "Pooty", "job": 13, "user": 6, "time": "2015-07-30T16:09:56.170Z"}, "model": "gardening.comment", "pk": 58}, {"fields": {"text": "Miyazaki", "job": 14, "user": 6, "time": "2015-07-30T16:12:13.137Z"}, "model": "gardening.comment", "pk": 59}, {"fields": {"text": "Smokalicious", "job": 14, "user": 6, "time": "2015-07-30T16:14:55.754Z"}, "model": "gardening.comment", "pk": 60}, {"fields": {"text": "Snigger fest", "job": 14, "user": 6, "time": "2015-07-30T16:16:58.084Z"}, "model": "gardening.comment", "pk": 61}, {"fields": {"text": "Porch", "job": 14, "user": 6, "time": "2015-07-30T16:18:14.019Z"}, "model": "gardening.comment", "pk": 62}, {"fields": {"text": "Porch", "job": 14, "user": 6, "time": "2015-07-30T16:18:30.061Z"}, "model": "gardening.comment", "pk": 63}, {"fields": {"text": "Skinheads", "job": 14, "user": 8, "time": "2015-07-30T16:18:39.885Z"}, "model": "gardening.comment", "pk": 64}, {"fields": {"text": "LALALOOPSY", "job": 14, "user": 8, "time": "2015-07-30T16:19:26.962Z"}, "model": "gardening.comment", "pk": 65}, {"fields": {"text": "Dofurky", "job": 13, "user": 8, "time": "2015-07-30T16:19:42.527Z"}, "model": "gardening.comment", "pk": 66}, {"fields": {"text": "KAKAROT", "job": 13, "user": 8, "time": "2015-07-30T16:22:13.943Z"}, "model": "gardening.comment", "pk": 67}, {"fields": {"text": "Whenever", "job": 15, "user": 6, "time": "2015-07-30T16:24:02.324Z"}, "model": "gardening.comment", "pk": 68}, {"fields": {"text": "Talk to me now!", "job": 15, "user": 8, "time": "2015-07-30T16:24:18.054Z"}, "model": "gardening.comment", "pk": 69}, {"fields": {"text": "DEATH TO SMOOCHIE", "job": 13, "user": 8, "time": "2015-07-30T16:44:29.372Z"}, "model": "gardening.comment", "pk": 70}]